{
  "tempo_bpm": 112.34714673913044,
  "onset_rate_per_s": 4.705885259405092,
  "tempogram_peak_bpm": 112.34714673913044,
  "key_guess": "F major",
  "key_confidence": 0.9837976821140269,
  "chroma_cqt_mean": [
    0.5596299767494202,
    0.4203299880027771,
    0.3892099857330322,
    0.26241999864578247,
    0.34365999698638916,
    0.5793499946594238,
    0.3363899886608124,
    0.5534499883651733,
    0.33616000413894653,
    0.5247300267219543,
    0.6207399964332581,
    0.5706400275230408
  ],
  "chroma_cqt_std": [
    0.2825399935245514,
    0.22019000351428986,
    0.23465999960899353,
    0.15338000655174255,
    0.21389999985694885,
    0.29559001326560974,
    0.17497999966144562,
    0.2797499895095825,
    0.19268999993801117,
    0.28290000557899475,
    0.3276999890804291,
    0.3277600109577179
  ],
  "mfcc_mean": [
    -277.85760498046875,
    150.93408203125,
    32.12356185913086,
    32.2406005859375,
    15.948659896850586,
    16.311710357666016,
    3.135349988937378,
    10.760470390319824,
    -3.590329885482788,
    3.8520801067352295,
    -0.3610599935054779,
    4.513020038604736,
    1.0887999534606934
  ],
  "mfcc_std": [
    97.46395111083984,
    42.12158966064453,
    38.084598541259766,
    29.958860397338867,
    21.529909133911133,
    17.39678955078125,
    14.400870323181152,
    15.510729789733887,
    12.239339828491211,
    13.473560333251953,
    10.403730392456055,
    10.925230026245117,
    10.604029655456543
  ],
  "delta_mfcc_mean": [
    0.005169999785721302,
    0.00215000007301569,
    -5.999999848427251e-05,
    0.0025400000158697367,
    0.0002500000118743628,
    -0.0003000000142492354,
    0.0009599999757483602,
    0.00107999995816499,
    0.0006699999794363976,
    -0.0007300000288523734,
    -0.0006200000061653554,
    -0.0002800000074785203,
    -0.0008299999753944576
  ],
  "delta_mfcc_std": [
    9.942779541015625,
    4.848020076751709,
    3.8821399211883545,
    3.0458900928497314,
    2.34879994392395,
    1.840649962425232,
    1.5523699522018433,
    1.6472300291061401,
    1.4579999446868896,
    1.3182499408721924,
    1.1578700542449951,
    1.0153599977493286,
    1.0403399467468262
  ],
  "spectral_centroid_mean_hz": 1355.3253932089447,
  "spectral_centroid_std_hz": 1084.7450977231158,
  "rolloff_85_mean_hz": 2643.150823979839,
  "rolloff_85_std_hz": 3007.9051212037684,
  "bandwidth_mean_hz": 2295.2133459527736,
  "bandwidth_std_hz": 1144.9161525188506,
  "rms_mean": 0.1625068336725235,
  "rms_std": 0.09080348163843155,
  "zcr_mean": 0.021486008647333632,
  "zcr_std": 0.018969109793337748,
  "hp_energy_ratio": 5.1519062875094415,
  "sample_rate": 44100,
  "duration_s": 284.53732426303856,
  "key_music21": "B minor",
  "key_music21_method": "music21.Krumhansl"
}